{
  "101": 0.005305039787798408,
  "AMS": 0.002652519893899204,
  "About": 0.005305039787798408,
  "Administr": 0.002652519893899204,
  "Advice": 0.002652519893899204,
  "Appeal": 0.002652519893899204,
  "Architectur": 0.015915119363395226,
  "Area": 0.005305039787798408,
  "Assign": 0.002652519893899204,
  "Author": 0.002652519893899204,
  "Autom": 0.002652519893899204,
  "Blog": 0.005305039787798408,
  "Board": 0.015915119363395226,
  "Chair": 0.005305039787798408,
  "Comment": 0.002652519893899204,
  "Committe": 0.007957559681697613,
  "Commun": 0.002652519893899204,
  "Confirm": 0.002652519893899204,
  "Contact": 0.005305039787798408,
  "Datatrack": 0.005305039787798408,
  "Director": 0.005305039787798408,
  "Draft": 0.002652519893899204,
  "Editor": 0.002652519893899204,
  "Email": 0.007957559681697613,
  "Engineer": 0.005305039787798408,
  "External": 0.002652519893899204,
  "Forc": 0.007957559681697613,
  "Go": 0.002652519893899204,
  "Group": 0.010610079575596816,
  "Hide": 0.002652519893899204,
  "How": 0.002652519893899204,
  "IAB": 0.03183023872679045,
  "IANA": 0.007957559681697613,
  "IAOC": 0.002652519893899204,
  "IESG": 0.013262599469496022,
  "IETF": 0.042440318302387266,
  "IRTF": 0.007957559681697613,
  "ISOC": 0.005305039787798408,
  "In": 0.002652519893899204,
  "Info": 0.002652519893899204,
  "Intellectu": 0.002652519893899204,
  "Internet": 0.05305039787798409,
  "It": 0.002652519893899204,
  "Kei": 0.002652519893899204,
  "Liaison": 0.002652519893899204,
  "London": 0.005305039787798408,
  "Meet": 0.002652519893899204,
  "Mission": 0.002652519893899204,
  "New": 0.013262599469496022,
  "Nomin": 0.005305039787798408,
  "Number": 0.002652519893899204,
  "Officer": 0.002652519893899204,
  "Online": 0.002652519893899204,
  "Operat": 0.002652519893899204,
  "Oversight": 0.005305039787798408,
  "Particip": 0.002652519893899204,
  "Privaci": 0.002652519893899204,
  "Process": 0.002652519893899204,
  "Protocol": 0.002652519893899204,
  "Quick": 0.005305039787798408,
  "RFC": 0.010610079575596816,
  "Request": 0.002652519893899204,
  "Research": 0.005305039787798408,
  "Run": 0.002652519893899204,
  "Search": 0.01856763925729443,
  "Secretariat": 0.002652519893899204,
  "See": 0.002652519893899204,
  "Seri": 0.002652519893899204,
  "Societi": 0.002652519893899204,
  "Standard": 0.007957559681697613,
  "Statement": 0.005305039787798408,
  "Steer": 0.002652519893899204,
  "Support": 0.002652519893899204,
  "Task": 0.007957559681697613,
  "Team": 0.002652519893899204,
  "The": 0.03183023872679045,
  "Thing": 0.002652519893899204,
  "Tool": 0.007957559681697613,
  "Topic": 0.002652519893899204,
  "Trust": 0.005305039787798408,
  "Truste": 0.002652519893899204,
  "WG": 0.005305039787798408,
  "Websit": 0.002652519893899204,
  "Who": 0.002652519893899204,
  "Work": 0.002652519893899204,
  "act": 0.007957559681697613,
  "administr": 0.002652519893899204,
  "advic": 0.002652519893899204,
  "appeal": 0.005305039787798408,
  "appropri": 0.002652519893899204,
  "architectur": 0.005305039787798408,
  "archiv": 0.005305039787798408,
  "aspect": 0.002652519893899204,
  "assign": 0.002652519893899204,
  "blog": 0.005305039787798408,
  "board": 0.002652519893899204,
  "bodi": 0.002652519893899204,
  "chair": 0.007957559681697613,
  "code": 0.002652519893899204,
  "commentari": 0.002652519893899204,
  "committe": 0.002652519893899204,
  "commun": 0.002652519893899204,
  "complaint": 0.002652519893899204,
  "concern": 0.005305039787798408,
  "confirm": 0.002652519893899204,
  "contact": 0.002652519893899204,
  "continu": 0.002652519893899204,
  "creat": 0.002652519893899204,
  "decis": 0.002652519893899204,
  "direct": 0.002652519893899204,
  "discuss": 0.002652519893899204,
  "document": 0.002652519893899204,
  "editori": 0.002652519893899204,
  "email": 0.002652519893899204,
  "enabl": 0.002652519893899204,
  "ensur": 0.002652519893899204,
  "event": 0.002652519893899204,
  "evolv": 0.002652519893899204,
  "execut": 0.002652519893899204,
  "global": 0.002652519893899204,
  "group": 0.002652519893899204,
  "grow": 0.002652519893899204,
  "guidanc": 0.002652519893899204,
  "iab": 0.005305039787798408,
  "improp": 0.002652519893899204,
  "includ": 0.002652519893899204,
  "innov": 0.002652519893899204,
  "interest": 0.005305039787798408,
  "issu": 0.002652519893899204,
  "liaison": 0.002652519893899204,
  "link": 0.005305039787798408,
  "list": 0.007957559681697613,
  "long": 0.002652519893899204,
  "manag": 0.005305039787798408,
  "matter": 0.002652519893899204,
  "network": 0.002652519893899204,
  "nomin": 0.002652519893899204,
  "occasion": 0.002652519893899204,
  "org": 0.002652519893899204,
  "organ": 0.002652519893899204,
  "organiz": 0.002652519893899204,
  "oversight": 0.005305039787798408,
  "paramet": 0.002652519893899204,
  "pertain": 0.002652519893899204,
  "platform": 0.002652519893899204,
  "polici": 0.005305039787798408,
  "principl": 0.002652519893899204,
  "procedur": 0.005305039787798408,
  "process": 0.007957559681697613,
  "properti": 0.002652519893899204,
  "protocol": 0.002652519893899204,
  "provid": 0.002652519893899204,
  "public": 0.002652519893899204,
  "rang": 0.002652519893899204,
  "relationship": 0.002652519893899204,
  "relev": 0.002652519893899204,
  "renew": 0.002652519893899204,
  "repres": 0.002652519893899204,
  "resourc": 0.005305039787798408,
  "respect": 0.002652519893899204,
  "respons": 0.005305039787798408,
  "right": 0.002652519893899204,
  "search": 0.005305039787798408,
  "select": 0.002652519893899204,
  "seri": 0.002652519893899204,
  "serv": 0.002652519893899204,
  "sourc": 0.002652519893899204,
  "standard": 0.013262599469496022,
  "technic": 0.007957559681697613,
  "technolog": 0.005305039787798408,
  "term": 0.002652519893899204,
  "tool": 0.002652519893899204,
  "transport": 0.002652519893899204,
  "valu": 0.002652519893899204,
  "websit": 0.002652519893899204,
  "wide": 0.002652519893899204,
  "work": 0.002652519893899204,
  "year": 0.002652519893899204
}