{
  "1": 0.003389830508474576,
  "101": 0.006779661016949152,
  "2418": 0.006779661016949152,
  "A": 0.006779661016949152,
  "AMS": 0.003389830508474576,
  "About": 0.006779661016949152,
  "Administr": 0.003389830508474576,
  "Architectur": 0.003389830508474576,
  "Area": 0.01694915254237288,
  "Autom": 0.003389830508474576,
  "Best": 0.003389830508474576,
  "Bibliographi": 0.003389830508474576,
  "Blog": 0.006779661016949152,
  "Board": 0.003389830508474576,
  "Committe": 0.006779661016949152,
  "Commun": 0.006779661016949152,
  "Contact": 0.006779661016949152,
  "Current": 0.003389830508474576,
  "Datatrack": 0.010169491525423728,
  "Director": 0.02711864406779661,
  "Draft": 0.003389830508474576,
  "Editor": 0.003389830508474576,
  "Email": 0.010169491525423728,
  "Engineer": 0.003389830508474576,
  "Forc": 0.003389830508474576,
  "Go": 0.003389830508474576,
  "Group": 0.01694915254237288,
  "Guidelin": 0.003389830508474576,
  "Hide": 0.003389830508474576,
  "How": 0.003389830508474576,
  "IAB": 0.003389830508474576,
  "IANA": 0.003389830508474576,
  "IAOC": 0.003389830508474576,
  "IESG": 0.006779661016949152,
  "IETF": 0.0711864406779661,
  "IRTF": 0.003389830508474576,
  "ISOC": 0.003389830508474576,
  "In": 0.006779661016949152,
  "Info": 0.003389830508474576,
  "Intellectu": 0.003389830508474576,
  "Internet": 0.030508474576271188,
  "Kei": 0.003389830508474576,
  "London": 0.006779661016949152,
  "Meet": 0.003389830508474576,
  "Mission": 0.003389830508474576,
  "New": 0.01694915254237288,
  "Nomin": 0.003389830508474576,
  "Online": 0.003389830508474576,
  "Operat": 0.003389830508474576,
  "Particip": 0.003389830508474576,
  "Practic": 0.003389830508474576,
  "Privaci": 0.003389830508474576,
  "Procedur": 0.003389830508474576,
  "Quick": 0.006779661016949152,
  "RFC": 0.013559322033898305,
  "Research": 0.003389830508474576,
  "Run": 0.003389830508474576,
  "SEC": 0.003389830508474576,
  "Search": 0.023728813559322035,
  "Secretariat": 0.003389830508474576,
  "Secur": 0.006779661016949152,
  "Some": 0.006779661016949152,
  "Standard": 0.003389830508474576,
  "Statement": 0.006779661016949152,
  "Steer": 0.003389830508474576,
  "Support": 0.003389830508474576,
  "Task": 0.003389830508474576,
  "Team": 0.003389830508474576,
  "The": 0.006779661016949152,
  "These": 0.003389830508474576,
  "Thi": 0.006779661016949152,
  "Thing": 0.006779661016949152,
  "Tool": 0.010169491525423728,
  "Topic": 0.003389830508474576,
  "Trust": 0.006779661016949152,
  "WG": 0.006779661016949152,
  "Websit": 0.003389830508474576,
  "Who": 0.003389830508474576,
  "Work": 0.006779661016949152,
  "activ": 0.003389830508474576,
  "advisori": 0.006779661016949152,
  "archiv": 0.006779661016949152,
  "area": 0.01694915254237288,
  "assist": 0.003389830508474576,
  "blog": 0.006779661016949152,
  "chair": 0.006779661016949152,
  "code": 0.003389830508474576,
  "commun": 0.003389830508474576,
  "complet": 0.003389830508474576,
  "compris": 0.006779661016949152,
  "cover": 0.006779661016949152,
  "defin": 0.003389830508474576,
  "describ": 0.003389830508474576,
  "detail": 0.003389830508474576,
  "differ": 0.003389830508474576,
  "director": 0.01694915254237288,
  "discuss": 0.006779661016949152,
  "document": 0.006779661016949152,
  "event": 0.003389830508474576,
  "experienc": 0.006779661016949152,
  "focus": 0.003389830508474576,
  "form": 0.003389830508474576,
  "format": 0.003389830508474576,
  "group": 0.020338983050847456,
  "guidelin": 0.003389830508474576,
  "improv": 0.003389830508474576,
  "industri": 0.003389830508474576,
  "intent": 0.003389830508474576,
  "interest": 0.003389830508474576,
  "link": 0.006779661016949152,
  "list": 0.013559322033898305,
  "manag": 0.003389830508474576,
  "member": 0.003389830508474576,
  "network": 0.003389830508474576,
  "oper": 0.003389830508474576,
  "particip": 0.003389830508474576,
  "polici": 0.003389830508474576,
  "primari": 0.003389830508474576,
  "principl": 0.003389830508474576,
  "procedur": 0.003389830508474576,
  "process": 0.003389830508474576,
  "produc": 0.003389830508474576,
  "properti": 0.003389830508474576,
  "repres": 0.003389830508474576,
  "request": 0.003389830508474576,
  "resourc": 0.006779661016949152,
  "review": 0.003389830508474576,
  "right": 0.003389830508474576,
  "role": 0.003389830508474576,
  "search": 0.006779661016949152,
  "serv": 0.003389830508474576,
  "specif": 0.010169491525423728,
  "specifi": 0.003389830508474576,
  "standard": 0.003389830508474576,
  "suggest": 0.003389830508474576,
  "technic": 0.003389830508474576,
  "technolog": 0.006779661016949152,
  "tool": 0.003389830508474576,
  "transport": 0.003389830508474576,
  "work": 0.010169491525423728
}